current_path,current_label,current_short_label,current_room,current_nerd_group,unlock_week,unlock_phase,user_job,lifecycle_phase,frequency,urgency,current_surface_type,current_entry_points,current_back_return_behavior,current_discoverability,current_mobile_usability,current_scroll_burden,overlap_or_ambiguity,belongs_in_permanent_nav,recommended_parent_hub,recommended_canonical_path,recommended_surface_type,recommended_placement,route_compatibility,feature_loss_risk,required_acceptance_test
/,Monday Briefing,Briefing,briefing,core,always,,Understand the week and choose the next meaningful action,all,every session,critical,global destination,"five-room navigation, alternate Nerd grouping, command palette, contextual links, and mobile More; selected core routes also use persistent bottom navigation","hash routing works, but return-to-origin task, local context, and scroll restoration are not consistently modeled",high,direct but dense,very high measured,"Briefing, Action Center, Inbox, Watch List, Chip, badges, and readiness compete to explain next actions",yes — Today,Today,/today,phase-aware hub,Today overview,keep current hash path as alias or compatibility wrapper for at least one full release; retire only after route-coverage proof and H2 approval,"high until every action, state, unlock rule, and deep link is covered by a route contract test","From Today, reach the complete Monday Briefing capability in no more than 3 intentional interactions (1 from an active related task); opening / resolves to the new surface with state, unlock rules, and back behavior intact."
/week-advance,Advance Week,Advance,briefing,core,always,,"Confirm readiness, understand consequences, and advance safely",all,weekly,critical,workflow exposed as global route,"five-room navigation, alternate Nerd grouping, command palette, contextual links, and mobile More; selected core routes also use persistent bottom navigation","hash routing works, but return-to-origin task, local context, and scroll restoration are not consistently modeled",high,direct but dense,representative-source risk; measure during packet migration,"Briefing, Action Center, Inbox, Watch List, Chip, badges, and readiness compete to explain next actions",no,Today,/today?panel=readiness,drawer or bottom sheet,sticky gated Advance control,keep current hash path as alias or compatibility wrapper for at least one full release; retire only after route-coverage proof and H2 approval,"high until every action, state, unlock rule, and deep link is covered by a route contract test","From Today, reach the complete Advance Week capability in no more than 3 intentional interactions (1 from an active related task); opening /week-advance resolves to the new surface with state, unlock rules, and back behavior intact."
/inbox,Inbox,Inbox,briefing,core,always,,Review actionable messages and decisions,all,frequent,high,global destination,"five-room navigation, alternate Nerd grouping, command palette, contextual links, and mobile More; selected core routes also use persistent bottom navigation","hash routing works, but return-to-origin task, local context, and scroll restoration are not consistently modeled",low-to-medium,usually reached through the overloaded More drawer; screen behavior varies,representative-source risk; measure during packet migration,"Briefing, Action Center, Inbox, Watch List, Chip, badges, and readiness compete to explain next actions",no,Today,/today/inbox,hub tab or section,Today > Inbox,keep current hash path as alias or compatibility wrapper for at least one full release; retire only after route-coverage proof and H2 approval,"high until every action, state, unlock rule, and deep link is covered by a route contract test","From Today, reach the complete Inbox capability in no more than 3 intentional interactions (1 from an active related task); opening /inbox resolves to the new surface with state, unlock rules, and back behavior intact."
/watch-list,Watch List,Watch,briefing,core,always,,"Track players, games, and items for later",all,frequent,medium,global destination,"five-room navigation, alternate Nerd grouping, command palette, contextual links, and mobile More; selected core routes also use persistent bottom navigation","hash routing works, but return-to-origin task, local context, and scroll restoration are not consistently modeled",low-to-medium,usually reached through the overloaded More drawer; screen behavior varies,representative-source risk; measure during packet migration,"Briefing, Action Center, Inbox, Watch List, Chip, badges, and readiness compete to explain next actions",no,Today,/today/watchlist,hub tab or section,Today > Watchlist,keep current hash path as alias or compatibility wrapper for at least one full release; retire only after route-coverage proof and H2 approval,"high until every action, state, unlock rule, and deep link is covered by a route contract test","From Today, reach the complete Watch List capability in no more than 3 intentional interactions (1 from an active related task); opening /watch-list resolves to the new surface with state, unlock rules, and back behavior intact."
/roster,Roster,Roster,football_ops,team,always,,Scan and manage the roster,all,very frequent,high,global destination,"five-room navigation, alternate Nerd grouping, command palette, contextual links, and mobile More; selected core routes also use persistent bottom navigation","hash routing works, but return-to-origin task, local context, and scroll restoration are not consistently modeled",high,direct but dense,very high measured,none uniquely identified,yes — Team,Team,/team/roster,collection/list with filters,Team default,keep current hash path as alias or compatibility wrapper for at least one full release; retire only after route-coverage proof and H2 approval,"high until every action, state, unlock rule, and deep link is covered by a route contract test","From Team, reach the complete Roster capability in no more than 3 intentional interactions (1 from an active related task); opening /roster resolves to the new surface with state, unlock rules, and back behavior intact."
/depth-chart,Depth Chart,Depth,football_ops,team,always,,Set roles and lineup order,preseason / regular season,very frequent,critical when blocked,global destination,"five-room navigation, alternate Nerd grouping, command palette, contextual links, and mobile More; selected core routes also use persistent bottom navigation","hash routing works, but return-to-origin task, local context, and scroll restoration are not consistently modeled",low-to-medium,usually reached through the overloaded More drawer; screen behavior varies,representative-source risk; measure during packet migration,none uniquely identified,no,Team,/team/depth,hub tab or section,Team > Depth,keep current hash path as alias or compatibility wrapper for at least one full release; retire only after route-coverage proof and H2 approval,"high until every action, state, unlock rule, and deep link is covered by a route contract test","From Team, reach the complete Depth Chart capability in no more than 3 intentional interactions (1 from an active related task); opening /depth-chart resolves to the new surface with state, unlock rules, and back behavior intact."
/locker-room,Locker Room,Locker,football_ops,team,always,,Understand morale and chemistry,all,weekly,medium,global destination,"five-room navigation, alternate Nerd grouping, command palette, contextual links, and mobile More; selected core routes also use persistent bottom navigation","hash routing works, but return-to-origin task, local context, and scroll restoration are not consistently modeled",low-to-medium,usually reached through the overloaded More drawer; screen behavior varies,representative-source risk; measure during packet migration,none uniquely identified,no,Team,/team/culture,hub tab or section,Team > Culture,keep current hash path as alias or compatibility wrapper for at least one full release; retire only after route-coverage proof and H2 approval,"high until every action, state, unlock rule, and deep link is covered by a route contract test","From Team, reach the complete Locker Room capability in no more than 3 intentional interactions (1 from an active related task); opening /locker-room resolves to the new surface with state, unlock rules, and back behavior intact."
/coaching,Coaching,Coach,football_ops,team,always,,Manage coaching staff,all,periodic,medium,global destination,"five-room navigation, alternate Nerd grouping, command palette, contextual links, and mobile More; selected core routes also use persistent bottom navigation","hash routing works, but return-to-origin task, local context, and scroll restoration are not consistently modeled",low-to-medium,usually reached through the overloaded More drawer; screen behavior varies,representative-source risk; measure during packet migration,none uniquely identified,no,Team,/team/staff,phase-aware hub,Team > Staff,keep current hash path as alias or compatibility wrapper for at least one full release; retire only after route-coverage proof and H2 approval,"high until every action, state, unlock rule, and deep link is covered by a route contract test","From Team, reach the complete Coaching capability in no more than 3 intentional interactions (1 from an active related task); opening /coaching resolves to the new surface with state, unlock rules, and back behavior intact."
/coaching/tree,Coaching Tree,Tree,football_ops,team,always,,Review coaching lineage and progression,all,occasional,low,global destination,"five-room navigation, alternate Nerd grouping, command palette, contextual links, and mobile More; selected core routes also use persistent bottom navigation","hash routing works, but return-to-origin task, local context, and scroll restoration are not consistently modeled",low-to-medium,usually reached through the overloaded More drawer; screen behavior varies,representative-source risk; measure during packet migration,none uniquely identified,no,Team,/team/staff/tree,hub tab or section,Team > Staff > Tree,keep current hash path as alias or compatibility wrapper for at least one full release; retire only after route-coverage proof and H2 approval,"high until every action, state, unlock rule, and deep link is covered by a route contract test","From Team, reach the complete Coaching Tree capability in no more than 3 intentional interactions (1 from an active related task); opening /coaching/tree resolves to the new surface with state, unlock rules, and back behavior intact."
/coaching/relationships,Staff Relationships,Relations,football_ops,team,always,,Review staff relationships,all,periodic,medium,global destination,"five-room navigation, alternate Nerd grouping, command palette, contextual links, and mobile More; selected core routes also use persistent bottom navigation","hash routing works, but return-to-origin task, local context, and scroll restoration are not consistently modeled",low-to-medium,usually reached through the overloaded More drawer; screen behavior varies,representative-source risk; measure during packet migration,none uniquely identified,no,Team,/team/staff/relationships,hub tab or section,Team > Staff > Relationships,keep current hash path as alias or compatibility wrapper for at least one full release; retire only after route-coverage proof and H2 approval,"high until every action, state, unlock rule, and deep link is covered by a route contract test","From Team, reach the complete Staff Relationships capability in no more than 3 intentional interactions (1 from an active related task); opening /coaching/relationships resolves to the new surface with state, unlock rules, and back behavior intact."
/handshakes,Handshakes,Promises,football_ops,team,always,,Track promises and commitments,all,weekly,high when due,global destination,"five-room navigation, alternate Nerd grouping, command palette, contextual links, and mobile More; selected core routes also use persistent bottom navigation","hash routing works, but return-to-origin task, local context, and scroll restoration are not consistently modeled",low-to-medium,usually reached through the overloaded More drawer; screen behavior varies,representative-source risk; measure during packet migration,none uniquely identified,no,Team,/team/commitments,hub tab or section,Team > Culture > Commitments,keep current hash path as alias or compatibility wrapper for at least one full release; retire only after route-coverage proof and H2 approval,"high until every action, state, unlock rule, and deep link is covered by a route contract test","From Team, reach the complete Handshakes capability in no more than 3 intentional interactions (1 from an active related task); opening /handshakes resolves to the new surface with state, unlock rules, and back behavior intact."
/training-camp,Training Camp,Camp,football_ops,team,always,training_camp,Run camp decisions and evaluations,training camp,phase-dominant,critical,workflow exposed as global route,"five-room navigation, alternate Nerd grouping, command palette, contextual links, and mobile More; selected core routes also use persistent bottom navigation","hash routing works, but return-to-origin task, local context, and scroll restoration are not consistently modeled",low-to-medium,usually reached through the overloaded More drawer; screen behavior varies,representative-source risk; measure during packet migration,none uniquely identified,no,Team,/team/camp,contextual workflow,phase takeover + Team tab,keep current hash path as alias or compatibility wrapper for at least one full release; retire only after route-coverage proof and H2 approval,"high until every action, state, unlock rule, and deep link is covered by a route contract test","From Team, reach the complete Training Camp capability in no more than 3 intentional interactions (1 from an active related task); opening /training-camp resolves to the new surface with state, unlock rules, and back behavior intact."
/mentors,Alumni Mentors,Mentors,football_ops,team,always,,Assign alumni mentors,all,occasional,medium,global destination,"five-room navigation, alternate Nerd grouping, command palette, contextual links, and mobile More; selected core routes also use persistent bottom navigation","hash routing works, but return-to-origin task, local context, and scroll restoration are not consistently modeled",low-to-medium,usually reached through the overloaded More drawer; screen behavior varies,representative-source risk; measure during packet migration,none uniquely identified,no,Team,/team/development/mentors,hub tab or section,Team > Development > Mentors,keep current hash path as alias or compatibility wrapper for at least one full release; retire only after route-coverage proof and H2 approval,"high until every action, state, unlock rule, and deep link is covered by a route contract test","From Team, reach the complete Alumni Mentors capability in no more than 3 intentional interactions (1 from an active related task); opening /mentors resolves to the new surface with state, unlock rules, and back behavior intact."
/player-development,Player Development,Develop,football_ops,team,always,,Plan and review development,all,weekly,high,global destination,"five-room navigation, alternate Nerd grouping, command palette, contextual links, and mobile More; selected core routes also use persistent bottom navigation","hash routing works, but return-to-origin task, local context, and scroll restoration are not consistently modeled",low-to-medium,usually reached through the overloaded More drawer; screen behavior varies,representative-source risk; measure during packet migration,none uniquely identified,no,Team,/team/development,phase-aware hub,Team > Development,keep current hash path as alias or compatibility wrapper for at least one full release; retire only after route-coverage proof and H2 approval,"high until every action, state, unlock rule, and deep link is covered by a route contract test","From Team, reach the complete Player Development capability in no more than 3 intentional interactions (1 from an active related task); opening /player-development resolves to the new surface with state, unlock rules, and back behavior intact."
/compare,Player Compare,Compare,football_ops,team,always,,Compare selected players,all,contextual,medium,global destination,"five-room navigation, alternate Nerd grouping, command palette, contextual links, and mobile More; selected core routes also use persistent bottom navigation","hash routing works, but return-to-origin task, local context, and scroll restoration are not consistently modeled",low-to-medium,usually reached through the overloaded More drawer; screen behavior varies,representative-source risk; measure during packet migration,none uniquely identified,no,Team,/team/compare,comparison workbench,contextual entity action,keep current hash path as alias or compatibility wrapper for at least one full release; retire only after route-coverage proof and H2 approval,"high until every action, state, unlock rule, and deep link is covered by a route contract test","From Team, reach the complete Player Compare capability in no more than 3 intentional interactions (1 from an active related task); opening /compare resolves to the new surface with state, unlock rules, and back behavior intact."
/rivalries,Player Rivalries,Rivalries,football_ops,team,always,,Review player rivalries,all,occasional,low,global destination,"five-room navigation, alternate Nerd grouping, command palette, contextual links, and mobile More; selected core routes also use persistent bottom navigation","hash routing works, but return-to-origin task, local context, and scroll restoration are not consistently modeled",low-to-medium,usually reached through the overloaded More drawer; screen behavior varies,representative-source risk; measure during packet migration,none uniquely identified,no,Team,/team/culture/rivalries,hub tab or section,Team > Culture > Rivalries,keep current hash path as alias or compatibility wrapper for at least one full release; retire only after route-coverage proof and H2 approval,"high until every action, state, unlock rule, and deep link is covered by a route contract test","From Team, reach the complete Player Rivalries capability in no more than 3 intentional interactions (1 from an active related task); opening /rivalries resolves to the new surface with state, unlock rules, and back behavior intact."
/contracts,Contracts,Cap,football_ops,money,4,,Manage contracts and financial commitments,all,frequent,high,global destination,"five-room navigation, alternate Nerd grouping, command palette, contextual links, and mobile More; selected core routes also use persistent bottom navigation","hash routing works, but return-to-origin task, local context, and scroll restoration are not consistently modeled",medium,usually reached through the overloaded More drawer; screen behavior varies,representative-source risk; measure during packet migration,Related finance and front-office jobs are peer global destinations,no,Office,/office/finance/contracts,hub tab or section,Office > Finance > Contracts,keep current hash path as alias or compatibility wrapper for at least one full release; retire only after route-coverage proof and H2 approval,"high until every action, state, unlock rule, and deep link is covered by a route contract test","From Office, reach the complete Contracts capability in no more than 3 intentional interactions (1 from an active related task); opening /contracts resolves to the new surface with state, unlock rules, and back behavior intact."
/cap-lab,Cap Lab,Cap Lab,football_ops,money,always,,Model cap scenarios,all,periodic,medium,global destination,"five-room navigation, alternate Nerd grouping, command palette, contextual links, and mobile More; selected core routes also use persistent bottom navigation","hash routing works, but return-to-origin task, local context, and scroll restoration are not consistently modeled",low-to-medium,usually reached through the overloaded More drawer; screen behavior varies,representative-source risk; measure during packet migration,Related finance and front-office jobs are peer global destinations,no,Office,/office/finance/cap-lab,comparison/transaction workbench,Office > Finance > Cap Lab,keep current hash path as alias or compatibility wrapper for at least one full release; retire only after route-coverage proof and H2 approval,"high until every action, state, unlock rule, and deep link is covered by a route contract test","From Office, reach the complete Cap Lab capability in no more than 3 intentional interactions (1 from an active related task); opening /cap-lab resolves to the new surface with state, unlock rules, and back behavior intact."
/front-office,Front Office,Front Office,football_ops,money,always,,Review front-office strategy and operations,all,weekly,medium,global destination,"five-room navigation, alternate Nerd grouping, command palette, contextual links, and mobile More; selected core routes also use persistent bottom navigation","hash routing works, but return-to-origin task, local context, and scroll restoration are not consistently modeled",low-to-medium,usually reached through the overloaded More drawer; screen behavior varies,representative-source risk; measure during packet migration,Related finance and front-office jobs are peer global destinations,yes — Office,Office,/office/operations,phase-aware hub,Office > Operations,keep current hash path as alias or compatibility wrapper for at least one full release; retire only after route-coverage proof and H2 approval,"high until every action, state, unlock rule, and deep link is covered by a route contract test","From Office, reach the complete Front Office capability in no more than 3 intentional interactions (1 from an active related task); opening /front-office resolves to the new surface with state, unlock rules, and back behavior intact."
/endorsements,Endorsements,Deals,football_ops,money,always,,Manage commercial opportunities,all,occasional,low,global destination,"five-room navigation, alternate Nerd grouping, command palette, contextual links, and mobile More; selected core routes also use persistent bottom navigation","hash routing works, but return-to-origin task, local context, and scroll restoration are not consistently modeled",low-to-medium,usually reached through the overloaded More drawer; screen behavior varies,representative-source risk; measure during packet migration,none uniquely identified,no,Office,/office/operations/endorsements,hub tab or section,Office > Operations > Endorsements,keep current hash path as alias or compatibility wrapper for at least one full release; retire only after route-coverage proof and H2 approval,"high until every action, state, unlock rule, and deep link is covered by a route contract test","From Office, reach the complete Endorsements capability in no more than 3 intentional interactions (1 from an active related task); opening /endorsements resolves to the new surface with state, unlock rules, and back behavior intact."
/trades,Trades,Trades,football_ops,acquire,4,,"Build, assess, and execute trades",regular season / offseason,periodic,high when active,workflow exposed as global route,"five-room navigation, alternate Nerd grouping, command palette, contextual links, and mobile More; selected core routes also use persistent bottom navigation","hash routing works, but return-to-origin task, local context, and scroll restoration are not consistently modeled",medium,usually reached through the overloaded More drawer; screen behavior varies,representative-source risk; measure during packet migration,The acquisition lifecycle is fragmented across many peer destinations,no,Office,/office/personnel/trades,comparison/transaction workbench,Office > Personnel > Trades,keep current hash path as alias or compatibility wrapper for at least one full release; retire only after route-coverage proof and H2 approval,"high until every action, state, unlock rule, and deep link is covered by a route contract test","From Office, reach the complete Trades capability in no more than 3 intentional interactions (1 from an active related task); opening /trades resolves to the new surface with state, unlock rules, and back behavior intact."
/trade-block,Trade Block,Block,football_ops,acquire,always,,Review market availability and offers,regular season,weekly,medium,global destination,"five-room navigation, alternate Nerd grouping, command palette, contextual links, and mobile More; selected core routes also use persistent bottom navigation","hash routing works, but return-to-origin task, local context, and scroll restoration are not consistently modeled",low-to-medium,usually reached through the overloaded More drawer; screen behavior varies,representative-source risk; measure during packet migration,The acquisition lifecycle is fragmented across many peer destinations,no,Office,/office/personnel/trade-market,hub tab or section,Office > Personnel > Market,keep current hash path as alias or compatibility wrapper for at least one full release; retire only after route-coverage proof and H2 approval,"high until every action, state, unlock rule, and deep link is covered by a route contract test","From Office, reach the complete Trade Block capability in no more than 3 intentional interactions (1 from an active related task); opening /trade-block resolves to the new surface with state, unlock rules, and back behavior intact."
/trade-deadline,Trade Deadline,Deadline,football_ops,acquire,always,,Resolve trade-deadline decisions,trade deadline,phase-dominant,critical,workflow exposed as global route,"five-room navigation, alternate Nerd grouping, command palette, contextual links, and mobile More; selected core routes also use persistent bottom navigation","hash routing works, but return-to-origin task, local context, and scroll restoration are not consistently modeled",low-to-medium,usually reached through the overloaded More drawer; screen behavior varies,representative-source risk; measure during packet migration,The acquisition lifecycle is fragmented across many peer destinations,no,Office,/office/personnel/deadline,contextual workflow,deadline phase takeover + Today task,keep current hash path as alias or compatibility wrapper for at least one full release; retire only after route-coverage proof and H2 approval,"high until every action, state, unlock rule, and deep link is covered by a route contract test","From Office, reach the complete Trade Deadline capability in no more than 3 intentional interactions (1 from an active related task); opening /trade-deadline resolves to the new surface with state, unlock rules, and back behavior intact."
/team-needs,Team Needs,Needs,football_ops,acquire,always,,Identify roster needs,all,weekly,high,global destination,"five-room navigation, alternate Nerd grouping, command palette, contextual links, and mobile More; selected core routes also use persistent bottom navigation","hash routing works, but return-to-origin task, local context, and scroll restoration are not consistently modeled",low-to-medium,usually reached through the overloaded More drawer; screen behavior varies,representative-source risk; measure during packet migration,The acquisition lifecycle is fragmented across many peer destinations,no,Office,/office/personnel/needs,hub tab or section,Office > Personnel > Needs,keep current hash path as alias or compatibility wrapper for at least one full release; retire only after route-coverage proof and H2 approval,"high until every action, state, unlock rule, and deep link is covered by a route contract test","From Office, reach the complete Team Needs capability in no more than 3 intentional interactions (1 from an active related task); opening /team-needs resolves to the new surface with state, unlock rules, and back behavior intact."
/scouting,Scouting,Scout,football_ops,acquire,midseason,,Evaluate prospects and targets,midseason / offseason,frequent in phase,high,global destination,"five-room navigation, alternate Nerd grouping, command palette, contextual links, and mobile More; selected core routes also use persistent bottom navigation","hash routing works, but return-to-origin task, local context, and scroll restoration are not consistently modeled",medium,usually reached through the overloaded More drawer; screen behavior varies,representative-source risk; measure during packet migration,The acquisition lifecycle is fragmented across many peer destinations,no,Office,/office/personnel/scouting,phase-aware hub,Office > Personnel > Scouting,keep current hash path as alias or compatibility wrapper for at least one full release; retire only after route-coverage proof and H2 approval,"high until every action, state, unlock rule, and deep link is covered by a route contract test","From Office, reach the complete Scouting capability in no more than 3 intentional interactions (1 from an active related task); opening /scouting resolves to the new surface with state, unlock rules, and back behavior intact."
/draft,Draft,Draft,football_ops,acquire,always,draft,Run draft preparation and selections,draft,phase-dominant,critical,workflow exposed as global route,"five-room navigation, alternate Nerd grouping, command palette, contextual links, and mobile More; selected core routes also use persistent bottom navigation","hash routing works, but return-to-origin task, local context, and scroll restoration are not consistently modeled",medium,usually reached through the overloaded More drawer; screen behavior varies,representative-source risk; measure during packet migration,The acquisition lifecycle is fragmented across many peer destinations,no,Office,/office/personnel/draft,decision workflow or wizard,draft phase takeover + Office tab,keep current hash path as alias or compatibility wrapper for at least one full release; retire only after route-coverage proof and H2 approval,"high until every action, state, unlock rule, and deep link is covered by a route contract test","From Office, reach the complete Draft capability in no more than 3 intentional interactions (1 from an active related task); opening /draft resolves to the new surface with state, unlock rules, and back behavior intact."
/draft-recap,Draft Recap,Recap,football_ops,acquire,always,,Review draft outcomes,post-draft,once per season,medium,presentation/detail exposed as global route,"five-room navigation, alternate Nerd grouping, command palette, contextual links, and mobile More; selected core routes also use persistent bottom navigation","hash routing works, but return-to-origin task, local context, and scroll restoration are not consistently modeled",low-to-medium,usually reached through the overloaded More drawer; screen behavior varies,representative-source risk; measure during packet migration,The acquisition lifecycle is fragmented across many peer destinations,no,Office,/office/personnel/draft/recap,event-driven presentation,draft completion + archive,keep current hash path as alias or compatibility wrapper for at least one full release; retire only after route-coverage proof and H2 approval,"high until every action, state, unlock rule, and deep link is covered by a route contract test","From Office, reach the complete Draft Recap capability in no more than 3 intentional interactions (1 from an active related task); opening /draft-recap resolves to the new surface with state, unlock rules, and back behavior intact."
/expansion-draft,Expansion Draft,Expansion,football_ops,acquire,always,,Run expansion-draft decisions,expansion event,rare,critical when active,global destination,"five-room navigation, alternate Nerd grouping, command palette, contextual links, and mobile More; selected core routes also use persistent bottom navigation","hash routing works, but return-to-origin task, local context, and scroll restoration are not consistently modeled",low-to-medium,usually reached through the overloaded More drawer; screen behavior varies,representative-source risk; measure during packet migration,none uniquely identified,no,Office,/office/personnel/expansion-draft,decision workflow or wizard,event-driven Office workflow,keep current hash path as alias or compatibility wrapper for at least one full release; retire only after route-coverage proof and H2 approval,"high until every action, state, unlock rule, and deep link is covered by a route contract test","From Office, reach the complete Expansion Draft capability in no more than 3 intentional interactions (1 from an active related task); opening /expansion-draft resolves to the new surface with state, unlock rules, and back behavior intact."
/free-agency,Free Agency,FA,football_ops,acquire,always,free_agency,Evaluate and sign free agents,free agency,phase-dominant,critical,workflow exposed as global route,"five-room navigation, alternate Nerd grouping, command palette, contextual links, and mobile More; selected core routes also use persistent bottom navigation","hash routing works, but return-to-origin task, local context, and scroll restoration are not consistently modeled",medium,usually reached through the overloaded More drawer; screen behavior varies,representative-source risk; measure during packet migration,The acquisition lifecycle is fragmented across many peer destinations,no,Office,/office/personnel/free-agency,comparison/transaction workbench,free-agency takeover + Office tab,keep current hash path as alias or compatibility wrapper for at least one full release; retire only after route-coverage proof and H2 approval,"high until every action, state, unlock rule, and deep link is covered by a route contract test","From Office, reach the complete Free Agency capability in no more than 3 intentional interactions (1 from an active related task); opening /free-agency resolves to the new surface with state, unlock rules, and back behavior intact."
/fa-targets,FA Targets,Targets,football_ops,acquire,always,,Manage the target board,free agency,frequent in phase,high,global destination,"five-room navigation, alternate Nerd grouping, command palette, contextual links, and mobile More; selected core routes also use persistent bottom navigation","hash routing works, but return-to-origin task, local context, and scroll restoration are not consistently modeled",low-to-medium,usually reached through the overloaded More drawer; screen behavior varies,representative-source risk; measure during packet migration,The acquisition lifecycle is fragmented across many peer destinations,no,Office,/office/personnel/free-agency/targets,hub tab or section,Free Agency > Targets,keep current hash path as alias or compatibility wrapper for at least one full release; retire only after route-coverage proof and H2 approval,"high until every action, state, unlock rule, and deep link is covered by a route contract test","From Office, reach the complete FA Targets capability in no more than 3 intentional interactions (1 from an active related task); opening /fa-targets resolves to the new surface with state, unlock rules, and back behavior intact."
/waivers,Waiver Wire,Waivers,football_ops,acquire,always,,Review and claim waived players,regular season,weekly,medium,global destination,"five-room navigation, alternate Nerd grouping, command palette, contextual links, and mobile More; selected core routes also use persistent bottom navigation","hash routing works, but return-to-origin task, local context, and scroll restoration are not consistently modeled",low-to-medium,usually reached through the overloaded More drawer; screen behavior varies,representative-source risk; measure during packet migration,The acquisition lifecycle is fragmented across many peer destinations,no,Office,/office/personnel/waivers,hub tab or section,Office > Personnel > Waivers,keep current hash path as alias or compatibility wrapper for at least one full release; retire only after route-coverage proof and H2 approval,"high until every action, state, unlock rule, and deep link is covered by a route contract test","From Office, reach the complete Waiver Wire capability in no more than 3 intentional interactions (1 from an active related task); opening /waivers resolves to the new surface with state, unlock rules, and back behavior intact."
/practice-squad,Practice Squad,PS,football_ops,acquire,always,,Manage practice-squad players,regular season,weekly,medium,global destination,"five-room navigation, alternate Nerd grouping, command palette, contextual links, and mobile More; selected core routes also use persistent bottom navigation","hash routing works, but return-to-origin task, local context, and scroll restoration are not consistently modeled",low-to-medium,usually reached through the overloaded More drawer; screen behavior varies,representative-source risk; measure during packet migration,none uniquely identified,no,Team,/team/roster/practice-squad,hub tab or section,Team > Roster > Practice Squad,keep current hash path as alias or compatibility wrapper for at least one full release; retire only after route-coverage proof and H2 approval,"high until every action, state, unlock rule, and deep link is covered by a route contract test","From Team, reach the complete Practice Squad capability in no more than 3 intentional interactions (1 from an active related task); opening /practice-squad resolves to the new surface with state, unlock rules, and back behavior intact."
/owner,Owner Suite,Owner,football_ops,dynasty,always,,Review owner expectations and relationship,all,periodic,high when triggered,global destination,"five-room navigation, alternate Nerd grouping, command palette, contextual links, and mobile More; selected core routes also use persistent bottom navigation","hash routing works, but return-to-origin task, local context, and scroll restoration are not consistently modeled",low-to-medium,usually reached through the overloaded More drawer; screen behavior varies,representative-source risk; measure during packet migration,none uniquely identified,no,Office,/office/ownership,hub tab or section,Office > Ownership,keep current hash path as alias or compatibility wrapper for at least one full release; retire only after route-coverage proof and H2 approval,"high until every action, state, unlock rule, and deep link is covered by a route contract test","From Office, reach the complete Owner Suite capability in no more than 3 intentional interactions (1 from an active related task); opening /owner resolves to the new surface with state, unlock rules, and back behavior intact."
/relocate,Relocation,Relocate,football_ops,dynasty,always,,Evaluate or execute relocation,offseason / special event,rare,high when active,workflow exposed as global route,"five-room navigation, alternate Nerd grouping, command palette, contextual links, and mobile More; selected core routes also use persistent bottom navigation","hash routing works, but return-to-origin task, local context, and scroll restoration are not consistently modeled",low-to-medium,usually reached through the overloaded More drawer; screen behavior varies,representative-source risk; measure during packet migration,none uniquely identified,no,Office,/office/ownership/relocation,decision workflow or wizard,Office > Ownership > Relocation,keep current hash path as alias or compatibility wrapper for at least one full release; retire only after route-coverage proof and H2 approval,"high until every action, state, unlock rule, and deep link is covered by a route contract test","From Office, reach the complete Relocation capability in no more than 3 intentional interactions (1 from an active related task); opening /relocate resolves to the new surface with state, unlock rules, and back behavior intact."
/game-plan,Game Plan,Plan,game_week,gameday,always,,Prepare tactical choices for the next opponent,regular season / playoffs,weekly,critical,global destination,"five-room navigation, alternate Nerd grouping, command palette, contextual links, and mobile More; selected core routes also use persistent bottom navigation","hash routing works, but return-to-origin task, local context, and scroll restoration are not consistently modeled",high,direct but dense,high measured,none uniquely identified,no,Game,/game/plan,hub tab or section,Game > Plan + Today task,keep current hash path as alias or compatibility wrapper for at least one full release; retire only after route-coverage proof and H2 approval,"high until every action, state, unlock rule, and deep link is covered by a route contract test","From Game, reach the complete Game Plan capability in no more than 3 intentional interactions (1 from an active related task); opening /game-plan resolves to the new surface with state, unlock rules, and back behavior intact."
/game-day,Game Day,Game,game_week,gameday,always,,Enter the current game experience,game day,weekly,critical,global destination,"five-room navigation, alternate Nerd grouping, command palette, contextual links, and mobile More; selected core routes also use persistent bottom navigation","hash routing works, but return-to-origin task, local context, and scroll restoration are not consistently modeled",medium,usually reached through the overloaded More drawer; screen behavior varies,representative-source risk; measure during packet migration,Several routes are views of the same game object and result loop,yes — Game,Game,/game/current,event-driven presentation,Game Center overview,keep current hash path as alias or compatibility wrapper for at least one full release; retire only after route-coverage proof and H2 approval,"high until every action, state, unlock rule, and deep link is covered by a route contract test","From Game, reach the complete Game Day capability in no more than 3 intentional interactions (1 from an active related task); opening /game-day resolves to the new surface with state, unlock rules, and back behavior intact."
/broadcast,Broadcast,Live,game_week,gameday,always,,Watch the broadcast presentation,game day / postgame,weekly,medium,presentation/detail exposed as global route,"five-room navigation, alternate Nerd grouping, command palette, contextual links, and mobile More; selected core routes also use persistent bottom navigation","hash routing works, but return-to-origin task, local context, and scroll restoration are not consistently modeled",low-to-medium,usually reached through the overloaded More drawer; screen behavior varies,representative-source risk; measure during packet migration,Several routes are views of the same game object and result loop,no,Game,/game/current/broadcast,hub tab or section,Game Center > Broadcast,keep current hash path as alias or compatibility wrapper for at least one full release; retire only after route-coverage proof and H2 approval,"high until every action, state, unlock rule, and deep link is covered by a route contract test","From Game, reach the complete Broadcast capability in no more than 3 intentional interactions (1 from an active related task); opening /broadcast resolves to the new surface with state, unlock rules, and back behavior intact."
/presentation,Presentation,Cinema,game_week,gameday,always,,View cinematic game presentation,game day / postgame,weekly,medium,presentation/detail exposed as global route,"five-room navigation, alternate Nerd grouping, command palette, contextual links, and mobile More; selected core routes also use persistent bottom navigation","hash routing works, but return-to-origin task, local context, and scroll restoration are not consistently modeled",low-to-medium,usually reached through the overloaded More drawer; screen behavior varies,representative-source risk; measure during packet migration,Several routes are views of the same game object and result loop,no,Game,/game/current/presentation,hub tab or section,Game Center > Presentation,keep current hash path as alias or compatibility wrapper for at least one full release; retire only after route-coverage proof and H2 approval,"high until every action, state, unlock rule, and deep link is covered by a route contract test","From Game, reach the complete Presentation capability in no more than 3 intentional interactions (1 from an active related task); opening /presentation resolves to the new surface with state, unlock rules, and back behavior intact."
/play-by-play,Play-by-Play,PbP,game_week,gameday,always,,Read the game event log,game day / postgame,weekly,medium,presentation/detail exposed as global route,"five-room navigation, alternate Nerd grouping, command palette, contextual links, and mobile More; selected core routes also use persistent bottom navigation","hash routing works, but return-to-origin task, local context, and scroll restoration are not consistently modeled",low-to-medium,usually reached through the overloaded More drawer; screen behavior varies,representative-source risk; measure during packet migration,Several routes are views of the same game object and result loop,no,Game,/game/current/play-by-play,hub tab or section,Game Center > Play-by-Play,keep current hash path as alias or compatibility wrapper for at least one full release; retire only after route-coverage proof and H2 approval,"high until every action, state, unlock rule, and deep link is covered by a route contract test","From Game, reach the complete Play-by-Play capability in no more than 3 intentional interactions (1 from an active related task); opening /play-by-play resolves to the new surface with state, unlock rules, and back behavior intact."
/game-flow,Game Flow,Flow,game_week,gameday,always,,Analyze momentum and drives,postgame,weekly,medium,presentation/detail exposed as global route,"five-room navigation, alternate Nerd grouping, command palette, contextual links, and mobile More; selected core routes also use persistent bottom navigation","hash routing works, but return-to-origin task, local context, and scroll restoration are not consistently modeled",low-to-medium,usually reached through the overloaded More drawer; screen behavior varies,representative-source risk; measure during packet migration,Several routes are views of the same game object and result loop,no,Game,/game/current/flow,hub tab or section,Game Center > Flow,keep current hash path as alias or compatibility wrapper for at least one full release; retire only after route-coverage proof and H2 approval,"high until every action, state, unlock rule, and deep link is covered by a route contract test","From Game, reach the complete Game Flow capability in no more than 3 intentional interactions (1 from an active related task); opening /game-flow resolves to the new surface with state, unlock rules, and back behavior intact."
/film-room,Film Room,Film,game_week,gameday,always,,Review tactical and player lessons,postgame,weekly,high,presentation/detail exposed as global route,"five-room navigation, alternate Nerd grouping, command palette, contextual links, and mobile More; selected core routes also use persistent bottom navigation","hash routing works, but return-to-origin task, local context, and scroll restoration are not consistently modeled",low-to-medium,usually reached through the overloaded More drawer; screen behavior varies,representative-source risk; measure during packet migration,Several routes are views of the same game object and result loop,no,Game,/game/current/film,hub tab or section,Game Center > Film,keep current hash path as alias or compatibility wrapper for at least one full release; retire only after route-coverage proof and H2 approval,"high until every action, state, unlock rule, and deep link is covered by a route contract test","From Game, reach the complete Film Room capability in no more than 3 intentional interactions (1 from an active related task); opening /film-room resolves to the new surface with state, unlock rules, and back behavior intact."
/schedule,Schedule,Schedule,game_week,gameday,always,,Review past and future games,all,frequent,medium,global destination,"five-room navigation, alternate Nerd grouping, command palette, contextual links, and mobile More; selected core routes also use persistent bottom navigation","hash routing works, but return-to-origin task, local context, and scroll restoration are not consistently modeled",low-to-medium,usually reached through the overloaded More drawer; screen behavior varies,representative-source risk; measure during packet migration,none uniquely identified,no,Game,/game/schedule,hub tab or section,Game > Schedule,keep current hash path as alias or compatibility wrapper for at least one full release; retire only after route-coverage proof and H2 approval,"high until every action, state, unlock rule, and deep link is covered by a route contract test","From Game, reach the complete Schedule capability in no more than 3 intentional interactions (1 from an active related task); opening /schedule resolves to the new surface with state, unlock rules, and back behavior intact."
/super-bowl,Super Bowl,SB,game_week,gameday,always,,Experience the championship event,Super Bowl,rare,critical when active,presentation/detail exposed as global route,"five-room navigation, alternate Nerd grouping, command palette, contextual links, and mobile More; selected core routes also use persistent bottom navigation","hash routing works, but return-to-origin task, local context, and scroll restoration are not consistently modeled",low-to-medium,usually reached through the overloaded More drawer; screen behavior varies,representative-source risk; measure during packet migration,none uniquely identified,no,Game,/game/super-bowl,event-driven presentation,championship takeover + archive,keep current hash path as alias or compatibility wrapper for at least one full release; retire only after route-coverage proof and H2 approval,"high until every action, state, unlock rule, and deep link is covered by a route contract test","From Game, reach the complete Super Bowl capability in no more than 3 intentional interactions (1 from an active related task); opening /super-bowl resolves to the new surface with state, unlock rules, and back behavior intact."
/standings,Standings,Stand,league,league,always,,Understand league position,regular season / playoffs,weekly,high,global destination,"five-room navigation, alternate Nerd grouping, command palette, contextual links, and mobile More; selected core routes also use persistent bottom navigation","hash routing works, but return-to-origin task, local context, and scroll restoration are not consistently modeled",medium,usually reached through the overloaded More drawer; screen behavior varies,very high measured,none uniquely identified,yes — League,League,/league/standings,hub tab or section,League default,keep current hash path as alias or compatibility wrapper for at least one full release; retire only after route-coverage proof and H2 approval,"high until every action, state, unlock rule, and deep link is covered by a route contract test","From League, reach the complete Standings capability in no more than 3 intentional interactions (1 from an active related task); opening /standings resolves to the new surface with state, unlock rules, and back behavior intact."
/power-rankings,Power Rankings,Rankings,league,league,midseason,,Review comparative team strength,midseason onward,weekly,medium,global destination,"five-room navigation, alternate Nerd grouping, command palette, contextual links, and mobile More; selected core routes also use persistent bottom navigation","hash routing works, but return-to-origin task, local context, and scroll restoration are not consistently modeled",low-to-medium,usually reached through the overloaded More drawer; screen behavior varies,representative-source risk; measure during packet migration,none uniquely identified,no,League,/league/rankings,hub tab or section,League > Rankings,keep current hash path as alias or compatibility wrapper for at least one full release; retire only after route-coverage proof and H2 approval,"high until every action, state, unlock rule, and deep link is covered by a route contract test","From League, reach the complete Power Rankings capability in no more than 3 intentional interactions (1 from an active related task); opening /power-rankings resolves to the new surface with state, unlock rules, and back behavior intact."
/league-pulse,League Pulse,Pulse,league,league,always,,Scan major league changes,all,weekly,medium,global destination,"five-room navigation, alternate Nerd grouping, command palette, contextual links, and mobile More; selected core routes also use persistent bottom navigation","hash routing works, but return-to-origin task, local context, and scroll restoration are not consistently modeled",low-to-medium,usually reached through the overloaded More drawer; screen behavior varies,representative-source risk; measure during packet migration,League-awareness feeds have weakly communicated boundaries,no,League,/league/pulse,timeline/news/history view,League > Pulse,keep current hash path as alias or compatibility wrapper for at least one full release; retire only after route-coverage proof and H2 approval,"high until every action, state, unlock rule, and deep link is covered by a route contract test","From League, reach the complete League Pulse capability in no more than 3 intentional interactions (1 from an active related task); opening /league-pulse resolves to the new surface with state, unlock rules, and back behavior intact."
/league/weather,Weather,Weather,league,league,always,,Review weather and game impacts,regular season,weekly,low,global destination,"five-room navigation, alternate Nerd grouping, command palette, contextual links, and mobile More; selected core routes also use persistent bottom navigation","hash routing works, but return-to-origin task, local context, and scroll restoration are not consistently modeled",low-to-medium,usually reached through the overloaded More drawer; screen behavior varies,representative-source risk; measure during packet migration,none uniquely identified,no,League,/league/weather,hub tab or section,League > Context > Weather,keep current hash path as alias or compatibility wrapper for at least one full release; retire only after route-coverage proof and H2 approval,"high until every action, state, unlock rule, and deep link is covered by a route contract test","From League, reach the complete Weather capability in no more than 3 intentional interactions (1 from an active related task); opening /league/weather resolves to the new surface with state, unlock rules, and back behavior intact."
/newsroom,Newsroom,Digest,league,league,always,,Review curated league digest,all,weekly,medium,global destination,"five-room navigation, alternate Nerd grouping, command palette, contextual links, and mobile More; selected core routes also use persistent bottom navigation","hash routing works, but return-to-origin task, local context, and scroll restoration are not consistently modeled",low-to-medium,usually reached through the overloaded More drawer; screen behavior varies,representative-source risk; measure during packet migration,League-awareness feeds have weakly communicated boundaries,no,League,/league/news,timeline/news/history view,League > News,keep current hash path as alias or compatibility wrapper for at least one full release; retire only after route-coverage proof and H2 approval,"high until every action, state, unlock rule, and deep link is covered by a route contract test","From League, reach the complete Newsroom capability in no more than 3 intentional interactions (1 from an active related task); opening /newsroom resolves to the new surface with state, unlock rules, and back behavior intact."
/news,News,News,league,league,always,,Browse complete league news,all,frequent,medium,global destination,"five-room navigation, alternate Nerd grouping, command palette, contextual links, and mobile More; selected core routes also use persistent bottom navigation","hash routing works, but return-to-origin task, local context, and scroll restoration are not consistently modeled",low-to-medium,usually reached through the overloaded More drawer; screen behavior varies,representative-source risk; measure during packet migration,League-awareness feeds have weakly communicated boundaries,no,League,/league/news/all,hub tab or section,League > News > All,keep current hash path as alias or compatibility wrapper for at least one full release; retire only after route-coverage proof and H2 approval,"high until every action, state, unlock rule, and deep link is covered by a route contract test","From League, reach the complete News capability in no more than 3 intentional interactions (1 from an active related task); opening /news resolves to the new surface with state, unlock rules, and back behavior intact."
/social,MFSN,Social,league,league,always,,Review MFSN social chatter,all,frequent,low,global destination,"five-room navigation, alternate Nerd grouping, command palette, contextual links, and mobile More; selected core routes also use persistent bottom navigation","hash routing works, but return-to-origin task, local context, and scroll restoration are not consistently modeled",low-to-medium,usually reached through the overloaded More drawer; screen behavior varies,representative-source risk; measure during packet migration,League-awareness feeds have weakly communicated boundaries,no,League,/league/news/mfsn,hub tab or section,League > News > MFSN,keep current hash path as alias or compatibility wrapper for at least one full release; retire only after route-coverage proof and H2 approval,"high until every action, state, unlock rule, and deep link is covered by a route contract test","From League, reach the complete MFSN capability in no more than 3 intentional interactions (1 from an active related task); opening /social resolves to the new surface with state, unlock rules, and back behavior intact."
/commissioner,Commissioner,Commish,league,league,always,,Review commissioner actions,all,occasional,medium,global destination,"five-room navigation, alternate Nerd grouping, command palette, contextual links, and mobile More; selected core routes also use persistent bottom navigation","hash routing works, but return-to-origin task, local context, and scroll restoration are not consistently modeled",low-to-medium,usually reached through the overloaded More drawer; screen behavior varies,representative-source risk; measure during packet migration,none uniquely identified,no,League,/league/governance/commissioner,hub tab or section,League > Governance,keep current hash path as alias or compatibility wrapper for at least one full release; retire only after route-coverage proof and H2 approval,"high until every action, state, unlock rule, and deep link is covered by a route contract test","From League, reach the complete Commissioner capability in no more than 3 intentional interactions (1 from an active related task); opening /commissioner resolves to the new surface with state, unlock rules, and back behavior intact."
/cba,CBA Negotiation,CBA,league,league,always,,Manage collective-bargaining events,CBA event,rare,critical when active,workflow exposed as global route,"five-room navigation, alternate Nerd grouping, command palette, contextual links, and mobile More; selected core routes also use persistent bottom navigation","hash routing works, but return-to-origin task, local context, and scroll restoration are not consistently modeled",low-to-medium,usually reached through the overloaded More drawer; screen behavior varies,representative-source risk; measure during packet migration,none uniquely identified,no,League,/league/governance/cba,decision workflow or wizard,event-driven governance workflow,keep current hash path as alias or compatibility wrapper for at least one full release; retire only after route-coverage proof and H2 approval,"high until every action, state, unlock rule, and deep link is covered by a route contract test","From League, reach the complete CBA Negotiation capability in no more than 3 intentional interactions (1 from an active related task); opening /cba resolves to the new surface with state, unlock rules, and back behavior intact."
/league-rules,League Rules,Rules,league,league,always,,Review rule configuration and effects,all,occasional,low,global destination,"five-room navigation, alternate Nerd grouping, command palette, contextual links, and mobile More; selected core routes also use persistent bottom navigation","hash routing works, but return-to-origin task, local context, and scroll restoration are not consistently modeled",low-to-medium,usually reached through the overloaded More drawer; screen behavior varies,representative-source risk; measure during packet migration,none uniquely identified,no,League,/league/governance/rules,hub tab or section,League > Governance > Rules,keep current hash path as alias or compatibility wrapper for at least one full release; retire only after route-coverage proof and H2 approval,"high until every action, state, unlock rule, and deep link is covered by a route contract test","From League, reach the complete League Rules capability in no more than 3 intentional interactions (1 from an active related task); opening /league-rules resolves to the new surface with state, unlock rules, and back behavior intact."
/analytics,Analytics,Data,league,league,always,,Analyze league and team performance,all,periodic,medium,global destination,"five-room navigation, alternate Nerd grouping, command palette, contextual links, and mobile More; selected core routes also use persistent bottom navigation","hash routing works, but return-to-origin task, local context, and scroll restoration are not consistently modeled",low-to-medium,usually reached through the overloaded More drawer; screen behavior varies,high measured,none uniquely identified,no,League,/league/analytics,data dashboard and analytics view,League > Analytics,keep current hash path as alias or compatibility wrapper for at least one full release; retire only after route-coverage proof and H2 approval,"high until every action, state, unlock rule, and deep link is covered by a route contract test","From League, reach the complete Analytics capability in no more than 3 intentional interactions (1 from an active related task); opening /analytics resolves to the new surface with state, unlock rules, and back behavior intact."
/records,Record Book,Records,league,league,always,,Review historical records,all,occasional,low,global destination,"five-room navigation, alternate Nerd grouping, command palette, contextual links, and mobile More; selected core routes also use persistent bottom navigation","hash routing works, but return-to-origin task, local context, and scroll restoration are not consistently modeled",low-to-medium,usually reached through the overloaded More drawer; screen behavior varies,representative-source risk; measure during packet migration,none uniquely identified,no,League,/league/history/records,archive/history detail,League > History > Records,keep current hash path as alias or compatibility wrapper for at least one full release; retire only after route-coverage proof and H2 approval,"high until every action, state, unlock rule, and deep link is covered by a route contract test","From League, reach the complete Record Book capability in no more than 3 intentional interactions (1 from an active related task); opening /records resolves to the new surface with state, unlock rules, and back behavior intact."
/stat-central,Stat Central,Stats,league,league,always,,Explore detailed statistics,all,frequent,medium,global destination,"five-room navigation, alternate Nerd grouping, command palette, contextual links, and mobile More; selected core routes also use persistent bottom navigation","hash routing works, but return-to-origin task, local context, and scroll restoration are not consistently modeled",low-to-medium,usually reached through the overloaded More drawer; screen behavior varies,representative-source risk; measure during packet migration,none uniquely identified,no,League,/league/stats,collection/list with filters,League > Stats,keep current hash path as alias or compatibility wrapper for at least one full release; retire only after route-coverage proof and H2 approval,"high until every action, state, unlock rule, and deep link is covered by a route contract test","From League, reach the complete Stat Central capability in no more than 3 intentional interactions (1 from an active related task); opening /stat-central resolves to the new surface with state, unlock rules, and back behavior intact."
/franchise,Franchise,Franchise,legacy,dynasty,always,,Understand franchise identity and long-term arc,all,periodic,medium,global destination,"five-room navigation, alternate Nerd grouping, command palette, contextual links, and mobile More; selected core routes also use persistent bottom navigation","hash routing works, but return-to-origin task, local context, and scroll restoration are not consistently modeled",medium,usually reached through the overloaded More drawer; screen behavior varies,high measured,Many archive routes compete without one emotionally coherent Dynasty hierarchy,no,Dynasty,/dynasty/overview,phase-aware hub,Dynasty overview,keep current hash path as alias or compatibility wrapper for at least one full release; retire only after route-coverage proof and H2 approval,"high until every action, state, unlock rule, and deep link is covered by a route contract test","From Dynasty, reach the complete Franchise capability in no more than 3 intentional interactions (1 from an active related task); opening /franchise resolves to the new surface with state, unlock rules, and back behavior intact."
/legends,Legends,Legends,legacy,dynasty,always,,Review franchise legends,all,occasional,low,global destination,"five-room navigation, alternate Nerd grouping, command palette, contextual links, and mobile More; selected core routes also use persistent bottom navigation","hash routing works, but return-to-origin task, local context, and scroll restoration are not consistently modeled",low-to-medium,usually reached through the overloaded More drawer; screen behavior varies,representative-source risk; measure during packet migration,Many archive routes compete without one emotionally coherent Dynasty hierarchy,no,Dynasty,/dynasty/legends,archive/history detail,Dynasty > Legends,keep current hash path as alias or compatibility wrapper for at least one full release; retire only after route-coverage proof and H2 approval,"high until every action, state, unlock rule, and deep link is covered by a route contract test","From Dynasty, reach the complete Legends capability in no more than 3 intentional interactions (1 from an active related task); opening /legends resolves to the new surface with state, unlock rules, and back behavior intact."
/franchise/career,GM Career,Career,legacy,dynasty,always,,Review the GM career,all,periodic,medium,global destination,"five-room navigation, alternate Nerd grouping, command palette, contextual links, and mobile More; selected core routes also use persistent bottom navigation","hash routing works, but return-to-origin task, local context, and scroll restoration are not consistently modeled",low-to-medium,usually reached through the overloaded More drawer; screen behavior varies,representative-source risk; measure during packet migration,Many archive routes compete without one emotionally coherent Dynasty hierarchy,no,Dynasty,/dynasty/career,data dashboard and analytics view,Dynasty > Career,keep current hash path as alias or compatibility wrapper for at least one full release; retire only after route-coverage proof and H2 approval,"high until every action, state, unlock rule, and deep link is covered by a route contract test","From Dynasty, reach the complete GM Career capability in no more than 3 intentional interactions (1 from an active related task); opening /franchise/career resolves to the new surface with state, unlock rules, and back behavior intact."
/franchise/book,Franchise Book,Book,legacy,dynasty,always,,Browse the franchise book,all,occasional,low,global destination,"five-room navigation, alternate Nerd grouping, command palette, contextual links, and mobile More; selected core routes also use persistent bottom navigation","hash routing works, but return-to-origin task, local context, and scroll restoration are not consistently modeled",low-to-medium,usually reached through the overloaded More drawer; screen behavior varies,representative-source risk; measure during packet migration,Many archive routes compete without one emotionally coherent Dynasty hierarchy,no,Dynasty,/dynasty/book,archive/history detail,Dynasty > Archive > Book,keep current hash path as alias or compatibility wrapper for at least one full release; retire only after route-coverage proof and H2 approval,"high until every action, state, unlock rule, and deep link is covered by a route contract test","From Dynasty, reach the complete Franchise Book capability in no more than 3 intentional interactions (1 from an active related task); opening /franchise/book resolves to the new surface with state, unlock rules, and back behavior intact."
/franchise/chronicle,Chronicle,Chronicle,legacy,dynasty,always,,Browse the franchise chronicle,all,occasional,low,global destination,"five-room navigation, alternate Nerd grouping, command palette, contextual links, and mobile More; selected core routes also use persistent bottom navigation","hash routing works, but return-to-origin task, local context, and scroll restoration are not consistently modeled",low-to-medium,usually reached through the overloaded More drawer; screen behavior varies,representative-source risk; measure during packet migration,Many archive routes compete without one emotionally coherent Dynasty hierarchy,no,Dynasty,/dynasty/chronicle,timeline/news/history view,Dynasty > Archive > Chronicle,keep current hash path as alias or compatibility wrapper for at least one full release; retire only after route-coverage proof and H2 approval,"high until every action, state, unlock rule, and deep link is covered by a route contract test","From Dynasty, reach the complete Chronicle capability in no more than 3 intentional interactions (1 from an active related task); opening /franchise/chronicle resolves to the new surface with state, unlock rules, and back behavior intact."
/franchise/scrapbook,Scrapbook,Scrap,legacy,dynasty,always,,Browse saved franchise moments,all,occasional,low,global destination,"five-room navigation, alternate Nerd grouping, command palette, contextual links, and mobile More; selected core routes also use persistent bottom navigation","hash routing works, but return-to-origin task, local context, and scroll restoration are not consistently modeled",low-to-medium,usually reached through the overloaded More drawer; screen behavior varies,representative-source risk; measure during packet migration,Many archive routes compete without one emotionally coherent Dynasty hierarchy,no,Dynasty,/dynasty/scrapbook,archive/history detail,Dynasty > Archive > Scrapbook,keep current hash path as alias or compatibility wrapper for at least one full release; retire only after route-coverage proof and H2 approval,"high until every action, state, unlock rule, and deep link is covered by a route contract test","From Dynasty, reach the complete Scrapbook capability in no more than 3 intentional interactions (1 from an active related task); opening /franchise/scrapbook resolves to the new surface with state, unlock rules, and back behavior intact."
/franchise/hall,Hall of Fame,Hall,legacy,dynasty,always,,Review the franchise Hall of Fame,all,occasional,low,global destination,"five-room navigation, alternate Nerd grouping, command palette, contextual links, and mobile More; selected core routes also use persistent bottom navigation","hash routing works, but return-to-origin task, local context, and scroll restoration are not consistently modeled",low-to-medium,usually reached through the overloaded More drawer; screen behavior varies,representative-source risk; measure during packet migration,Many archive routes compete without one emotionally coherent Dynasty hierarchy,no,Dynasty,/dynasty/hall-of-fame,archive/history detail,Dynasty > Honors > Hall of Fame,keep current hash path as alias or compatibility wrapper for at least one full release; retire only after route-coverage proof and H2 approval,"high until every action, state, unlock rule, and deep link is covered by a route contract test","From Dynasty, reach the complete Hall of Fame capability in no more than 3 intentional interactions (1 from an active related task); opening /franchise/hall resolves to the new surface with state, unlock rules, and back behavior intact."
/franchise/trophy-room,Trophy Room,Trophies,legacy,dynasty,always,,Review championships and trophies,all,occasional,medium,global destination,"five-room navigation, alternate Nerd grouping, command palette, contextual links, and mobile More; selected core routes also use persistent bottom navigation","hash routing works, but return-to-origin task, local context, and scroll restoration are not consistently modeled",low-to-medium,usually reached through the overloaded More drawer; screen behavior varies,representative-source risk; measure during packet migration,Many archive routes compete without one emotionally coherent Dynasty hierarchy,no,Dynasty,/dynasty/trophies,archive/history detail,Dynasty > Honors > Trophies,keep current hash path as alias or compatibility wrapper for at least one full release; retire only after route-coverage proof and H2 approval,"high until every action, state, unlock rule, and deep link is covered by a route contract test","From Dynasty, reach the complete Trophy Room capability in no more than 3 intentional interactions (1 from an active related task); opening /franchise/trophy-room resolves to the new surface with state, unlock rules, and back behavior intact."
/franchise/eras,Era Hall,Eras,legacy,dynasty,always,,Review franchise eras,multi-season,occasional,low,global destination,"five-room navigation, alternate Nerd grouping, command palette, contextual links, and mobile More; selected core routes also use persistent bottom navigation","hash routing works, but return-to-origin task, local context, and scroll restoration are not consistently modeled",low-to-medium,usually reached through the overloaded More drawer; screen behavior varies,representative-source risk; measure during packet migration,Many archive routes compete without one emotionally coherent Dynasty hierarchy,no,Dynasty,/dynasty/eras,timeline/news/history view,Dynasty > History > Eras,keep current hash path as alias or compatibility wrapper for at least one full release; retire only after route-coverage proof and H2 approval,"high until every action, state, unlock rule, and deep link is covered by a route contract test","From Dynasty, reach the complete Era Hall capability in no more than 3 intentional interactions (1 from an active related task); opening /franchise/eras resolves to the new surface with state, unlock rules, and back behavior intact."
/franchise/mvps,MVP Plaques,MVPs,legacy,dynasty,always,,Review MVP plaques,all,occasional,low,global destination,"five-room navigation, alternate Nerd grouping, command palette, contextual links, and mobile More; selected core routes also use persistent bottom navigation","hash routing works, but return-to-origin task, local context, and scroll restoration are not consistently modeled",low-to-medium,usually reached through the overloaded More drawer; screen behavior varies,representative-source risk; measure during packet migration,Many archive routes compete without one emotionally coherent Dynasty hierarchy,no,Dynasty,/dynasty/honors/mvps,archive/history detail,Dynasty > Honors > MVPs,keep current hash path as alias or compatibility wrapper for at least one full release; retire only after route-coverage proof and H2 approval,"high until every action, state, unlock rule, and deep link is covered by a route contract test","From Dynasty, reach the complete MVP Plaques capability in no more than 3 intentional interactions (1 from an active related task); opening /franchise/mvps resolves to the new surface with state, unlock rules, and back behavior intact."
/franchise/playoff-lore,Playoff Lore,Lore,legacy,dynasty,always,,Review playoff history and lore,all,occasional,low,global destination,"five-room navigation, alternate Nerd grouping, command palette, contextual links, and mobile More; selected core routes also use persistent bottom navigation","hash routing works, but return-to-origin task, local context, and scroll restoration are not consistently modeled",low-to-medium,usually reached through the overloaded More drawer; screen behavior varies,representative-source risk; measure during packet migration,Many archive routes compete without one emotionally coherent Dynasty hierarchy,no,Dynasty,/dynasty/history/playoffs,archive/history detail,Dynasty > History > Playoffs,keep current hash path as alias or compatibility wrapper for at least one full release; retire only after route-coverage proof and H2 approval,"high until every action, state, unlock rule, and deep link is covered by a route contract test","From Dynasty, reach the complete Playoff Lore capability in no more than 3 intentional interactions (1 from an active related task); opening /franchise/playoff-lore resolves to the new surface with state, unlock rules, and back behavior intact."
/franchise/achievements,Achievements,Achieve,legacy,dynasty,always,,Review achievement progress,all,periodic,medium,global destination,"five-room navigation, alternate Nerd grouping, command palette, contextual links, and mobile More; selected core routes also use persistent bottom navigation","hash routing works, but return-to-origin task, local context, and scroll restoration are not consistently modeled",low-to-medium,usually reached through the overloaded More drawer; screen behavior varies,representative-source risk; measure during packet migration,Many archive routes compete without one emotionally coherent Dynasty hierarchy,no,Dynasty,/dynasty/achievements,data dashboard and analytics view,Dynasty > Achievements,keep current hash path as alias or compatibility wrapper for at least one full release; retire only after route-coverage proof and H2 approval,"high until every action, state, unlock rule, and deep link is covered by a route contract test","From Dynasty, reach the complete Achievements capability in no more than 3 intentional interactions (1 from an active related task); opening /franchise/achievements resolves to the new surface with state, unlock rules, and back behavior intact."
/legacy,Legacy,Legacy,legacy,dynasty,always,,Review overall dynasty legacy,multi-season,periodic,medium,global destination,"five-room navigation, alternate Nerd grouping, command palette, contextual links, and mobile More; selected core routes also use persistent bottom navigation","hash routing works, but return-to-origin task, local context, and scroll restoration are not consistently modeled",low-to-medium,usually reached through the overloaded More drawer; screen behavior varies,representative-source risk; measure during packet migration,Many archive routes compete without one emotionally coherent Dynasty hierarchy,no,Dynasty,/dynasty/legacy,hub tab or section,Dynasty > Legacy,keep current hash path as alias or compatibility wrapper for at least one full release; retire only after route-coverage proof and H2 approval,"high until every action, state, unlock rule, and deep link is covered by a route contract test","From Dynasty, reach the complete Legacy capability in no more than 3 intentional interactions (1 from an active related task); opening /legacy resolves to the new surface with state, unlock rules, and back behavior intact."
/legacy/named-games,Named Games,Named,legacy,dynasty,always,,Review named historic games,multi-season,occasional,low,global destination,"five-room navigation, alternate Nerd grouping, command palette, contextual links, and mobile More; selected core routes also use persistent bottom navigation","hash routing works, but return-to-origin task, local context, and scroll restoration are not consistently modeled",low-to-medium,usually reached through the overloaded More drawer; screen behavior varies,representative-source risk; measure during packet migration,Many archive routes compete without one emotionally coherent Dynasty hierarchy,no,Dynasty,/dynasty/history/named-games,archive/history detail,Dynasty > History > Named Games,keep current hash path as alias or compatibility wrapper for at least one full release; retire only after route-coverage proof and H2 approval,"high until every action, state, unlock rule, and deep link is covered by a route contract test","From Dynasty, reach the complete Named Games capability in no more than 3 intentional interactions (1 from an active related task); opening /legacy/named-games resolves to the new surface with state, unlock rules, and back behavior intact."
/legacy/bloodlines,Bloodlines,Bloodlines,legacy,dynasty,always,,Review player and coaching bloodlines,multi-season,occasional,low,global destination,"five-room navigation, alternate Nerd grouping, command palette, contextual links, and mobile More; selected core routes also use persistent bottom navigation","hash routing works, but return-to-origin task, local context, and scroll restoration are not consistently modeled",low-to-medium,usually reached through the overloaded More drawer; screen behavior varies,representative-source risk; measure during packet migration,Many archive routes compete without one emotionally coherent Dynasty hierarchy,no,Dynasty,/dynasty/history/bloodlines,archive/history detail,Dynasty > History > Bloodlines,keep current hash path as alias or compatibility wrapper for at least one full release; retire only after route-coverage proof and H2 approval,"high until every action, state, unlock rule, and deep link is covered by a route contract test","From Dynasty, reach the complete Bloodlines capability in no more than 3 intentional interactions (1 from an active related task); opening /legacy/bloodlines resolves to the new surface with state, unlock rules, and back behavior intact."
/awards,Awards Hub,Awards,legacy,dynasty,always,,Review awards and honors,all,periodic,medium,global destination,"five-room navigation, alternate Nerd grouping, command palette, contextual links, and mobile More; selected core routes also use persistent bottom navigation","hash routing works, but return-to-origin task, local context, and scroll restoration are not consistently modeled",low-to-medium,usually reached through the overloaded More drawer; screen behavior varies,representative-source risk; measure during packet migration,Many archive routes compete without one emotionally coherent Dynasty hierarchy,no,Dynasty,/dynasty/honors/awards,archive/history detail,Dynasty > Honors > Awards,keep current hash path as alias or compatibility wrapper for at least one full release; retire only after route-coverage proof and H2 approval,"high until every action, state, unlock rule, and deep link is covered by a route contract test","From Dynasty, reach the complete Awards Hub capability in no more than 3 intentional interactions (1 from an active related task); opening /awards resolves to the new surface with state, unlock rules, and back behavior intact."
/season/recap,Season Recap,Recap,legacy,dynasty,always,,Review the completed season story,season end,once per season,high,presentation/detail exposed as global route,"five-room navigation, alternate Nerd grouping, command palette, contextual links, and mobile More; selected core routes also use persistent bottom navigation","hash routing works, but return-to-origin task, local context, and scroll restoration are not consistently modeled",low-to-medium,usually reached through the overloaded More drawer; screen behavior varies,representative-source risk; measure during packet migration,Many archive routes compete without one emotionally coherent Dynasty hierarchy,no,Dynasty,/dynasty/seasons/current/recap,event-driven presentation,season-completion event + archive,keep current hash path as alias or compatibility wrapper for at least one full release; retire only after route-coverage proof and H2 approval,"high until every action, state, unlock rule, and deep link is covered by a route contract test","From Dynasty, reach the complete Season Recap capability in no more than 3 intentional interactions (1 from an active related task); opening /season/recap resolves to the new surface with state, unlock rules, and back behavior intact."
/scenarios,Scenarios,Challenge,legacy,dynasty,always,,Start or review scenario challenges,title / all,occasional,low,global destination,"five-room navigation, alternate Nerd grouping, command palette, contextual links, and mobile More; selected core routes also use persistent bottom navigation","hash routing works, but return-to-origin task, local context, and scroll restoration are not consistently modeled",low-to-medium,usually reached through the overloaded More drawer; screen behavior varies,representative-source risk; measure during packet migration,Many archive routes compete without one emotionally coherent Dynasty hierarchy,no,Dynasty,/scenarios,collection/list with filters,Title screen + Dynasty > Challenges,keep current hash path as alias or compatibility wrapper for at least one full release; retire only after route-coverage proof and H2 approval,"high until every action, state, unlock rule, and deep link is covered by a route contract test","From Dynasty, reach the complete Scenarios capability in no more than 3 intentional interactions (1 from an active related task); opening /scenarios resolves to the new surface with state, unlock rules, and back behavior intact."
/about,About,About,legacy,meta,always,,Read product information,all,rare,low,system utility inside Legacy room,"five-room navigation, alternate Nerd grouping, command palette, contextual links, and mobile More; selected core routes also use persistent bottom navigation","hash routing works, but return-to-origin task, local context, and scroll restoration are not consistently modeled",low-to-medium,usually reached through the overloaded More drawer; screen behavior varies,representative-source risk; measure during packet migration,none uniquely identified,no,System,/system/about,system/settings utility,System sheet > About,keep current hash path as alias or compatibility wrapper for at least one full release; retire only after route-coverage proof and H2 approval,"high until every action, state, unlock rule, and deep link is covered by a route contract test","From System, reach the complete About capability in no more than 3 intentional interactions (1 from an active related task); opening /about resolves to the new surface with state, unlock rules, and back behavior intact."
/credits,Credits,Credits,legacy,meta,always,,Read credits,all,rare,low,system utility inside Legacy room,"five-room navigation, alternate Nerd grouping, command palette, contextual links, and mobile More; selected core routes also use persistent bottom navigation","hash routing works, but return-to-origin task, local context, and scroll restoration are not consistently modeled",low-to-medium,usually reached through the overloaded More drawer; screen behavior varies,representative-source risk; measure during packet migration,none uniquely identified,no,System,/system/credits,system/settings utility,System sheet > Credits,keep current hash path as alias or compatibility wrapper for at least one full release; retire only after route-coverage proof and H2 approval,"high until every action, state, unlock rule, and deep link is covered by a route contract test","From System, reach the complete Credits capability in no more than 3 intentional interactions (1 from an active related task); opening /credits resolves to the new surface with state, unlock rules, and back behavior intact."
/faq,FAQ,FAQ,legacy,meta,always,,Find help and explanations,all,occasional,medium,system utility inside Legacy room,"five-room navigation, alternate Nerd grouping, command palette, contextual links, and mobile More; selected core routes also use persistent bottom navigation","hash routing works, but return-to-origin task, local context, and scroll restoration are not consistently modeled",low-to-medium,usually reached through the overloaded More drawer; screen behavior varies,representative-source risk; measure during packet migration,none uniquely identified,no,System,/help,system/settings utility,Help search + System sheet,keep current hash path as alias or compatibility wrapper for at least one full release; retire only after route-coverage proof and H2 approval,"high until every action, state, unlock rule, and deep link is covered by a route contract test","From System, reach the complete FAQ capability in no more than 3 intentional interactions (1 from an active related task); opening /faq resolves to the new surface with state, unlock rules, and back behavior intact."
/dynasty,Save/Load,Save,legacy,meta,always,,"Save, load, import, export, and recover",all,periodic,critical,system utility inside Legacy room,"five-room navigation, alternate Nerd grouping, command palette, contextual links, and mobile More; selected core routes also use persistent bottom navigation","hash routing works, but return-to-origin task, local context, and scroll restoration are not consistently modeled",medium,usually reached through the overloaded More drawer; screen behavior varies,high measured,none uniquely identified,no,System,/system/saves,settings and trust-critical utility,System sheet > Saves,keep current hash path as alias or compatibility wrapper for at least one full release; retire only after route-coverage proof and H2 approval,"high until every action, state, unlock rule, and deep link is covered by a route contract test","From System, reach the complete Save/Load capability in no more than 3 intentional interactions (1 from an active related task); opening /dynasty resolves to the new surface with state, unlock rules, and back behavior intact."
/settings,Settings,Config,legacy,meta,always,,"Configure gameplay, display, input, and accessibility",all,periodic,medium,system utility inside Legacy room,"five-room navigation, alternate Nerd grouping, command palette, contextual links, and mobile More; selected core routes also use persistent bottom navigation","hash routing works, but return-to-origin task, local context, and scroll restoration are not consistently modeled",medium,usually reached through the overloaded More drawer; screen behavior varies,representative-source risk; measure during packet migration,none uniquely identified,no,System,/system/settings,settings and trust-critical utility,System sheet > Settings,keep current hash path as alias or compatibility wrapper for at least one full release; retire only after route-coverage proof and H2 approval,"high until every action, state, unlock rule, and deep link is covered by a route contract test","From System, reach the complete Settings capability in no more than 3 intentional interactions (1 from an active related task); opening /settings resolves to the new surface with state, unlock rules, and back behavior intact."
